,year_film,year_award,category,nominee,film,imdb_title_id,title,original_title,year,date_published,genre,duration,country,language,director,writer,production_company,actors,description,avg_vote,votes,budget,usa_gross_income,worlwide_gross_income,metascore,reviews_from_users,reviews_from_critics
0,1959,1960,Best Performance by an Actor in a Supporting Role in any Motion Picture,Stephen Boyd,Ben-Hur,tt0052618,Ben-Hur,Ben-Hur,1959,21/10/1960,"Adventure, Drama, History",212,USA,English,William Wyler,"Lew Wallace, Karl Tunberg",Metro-Goldwyn-Mayer (MGM),"Charlton Heston, Jack Hawkins, Haya Harareet, Stephen Boyd, Hugh Griffith, Martha Scott, Cathy O'Donnell, Sam Jaffe, Finlay Currie, Frank Thring, Terence Longdon, George Relph, André Morell","After a Jewish prince is betrayed and sent into slavery by a Roman friend, he regains his freedom and comes back for revenge.",8.1,214854,"$15,000,000","$74,422,622","$74,427,638",90.0,445.0,128.0
1,1959,1960,Best Director - Motion Picture,William Wyler,Ben-Hur,tt0052618,Ben-Hur,Ben-Hur,1959,21/10/1960,"Adventure, Drama, History",212,USA,English,William Wyler,"Lew Wallace, Karl Tunberg",Metro-Goldwyn-Mayer (MGM),"Charlton Heston, Jack Hawkins, Haya Harareet, Stephen Boyd, Hugh Griffith, Martha Scott, Cathy O'Donnell, Sam Jaffe, Finlay Currie, Frank Thring, Terence Longdon, George Relph, André Morell","After a Jewish prince is betrayed and sent into slavery by a Roman friend, he regains his freedom and comes back for revenge.",8.1,214854,"$15,000,000","$74,422,622","$74,427,638",90.0,445.0,128.0
2,1960,1961,Best Performance by an Actress in a Supporting Role in any Motion Picture,Janet Leigh,Psycho,tt0155975,Psycho,Psycho,1998,23/04/1999,"Horror, Mystery, Thriller",105,USA,English,Gus Van Sant,"Robert Bloch, Joseph Stefano",Universal Pictures,"Vince Vaughn, Anne Heche, Julianne Moore, Viggo Mortensen, William H. Macy, Robert Forster, Philip Baker Hall, Anne Haney, Chad Everett, Rance Howard, Rita Wilson, James Remar, James Le Gros, Steven Clark Pachosa, O.B. Babbs","A young female embezzler arrives at the Bates Motel, which has terrible secrets of its own.",4.6,45127,"$60,000,000","$21,485,655","$37,170,655",47.0,629.0,134.0
3,1962,1963,New Star Of The Year - Actress,Sue Lyon,Lolita,tt0119558,Lolita,Lolita,1997,26/09/1997,"Drama, Romance",137,"France, USA",English,Adrian Lyne,"Vladimir Nabokov, Stephen Schiff",Guild,"Jeremy Irons, Melanie Griffith, Frank Langella, Dominique Swain, Suzanne Shepherd, Keith Reddin, Erin J. Dean, Joan Glover, Pat Pierre Perkins, Ed Grady, Michael Goodwin, Angela Paton, Ben Silverstone, Emma Griffiths Malin, Ronald Pickup",A man marries his landlady so he can take advantage of her daughter.,6.9,51001,"$62,000,000","$1,071,255","$1,071,255",46.0,235.0,65.0
4,1964,1965,Best Performance by an Actor in a Motion Picture - Musical or Comedy,Rex Harrison,My Fair Lady,tt0058385,My Fair Lady,My Fair Lady,1964,23/03/1965,"Drama, Family, Musical",170,USA,English,George Cukor,"Alan Jay Lerner, George Bernard Shaw",Warner Bros.,"Audrey Hepburn, Rex Harrison, Stanley Holloway, Wilfrid Hyde-White, Gladys Cooper, Jeremy Brett, Theodore Bikel, Mona Washbourne, Isobel Elsom, John Holland",Snobbish phonetics Professor Henry Higgins agrees to a wager that he can make flower girl Eliza Doolittle presentable in high society.,7.8,84812,"$17,000,000","$72,560,711","$72,661,442",95.0,326.0,94.0
5,1964,1965,Best Director - Motion Picture,George Cukor,My Fair Lady,tt0058385,My Fair Lady,My Fair Lady,1964,23/03/1965,"Drama, Family, Musical",170,USA,English,George Cukor,"Alan Jay Lerner, George Bernard Shaw",Warner Bros.,"Audrey Hepburn, Rex Harrison, Stanley Holloway, Wilfrid Hyde-White, Gladys Cooper, Jeremy Brett, Theodore Bikel, Mona Washbourne, Isobel Elsom, John Holland",Snobbish phonetics Professor Henry Higgins agrees to a wager that he can make flower girl Eliza Doolittle presentable in high society.,7.8,84812,"$17,000,000","$72,560,711","$72,661,442",95.0,326.0,94.0
6,1964,1965,Actress In A Leading Role - Musical Or Comedy,Julie Andrews,Mary Poppins,tt0058331,Mary Poppins,Mary Poppins,1964,2/10/1965,"Comedy, Family, Fantasy",139,USA,English,Robert Stevenson,"Bill Walsh, Don DaGradi",Walt Disney Productions,"Julie Andrews, Dick Van Dyke, David Tomlinson, Glynis Johns, Hermione Baddeley, Reta Shaw, Karen Dotrice, Matthew Garber, Elsa Lanchester, Arthur Treacher, Reginald Owen, Ed Wynn, Jane Darwell, Arthur Malet, James Logan","In turn of the century London, a magical nanny employs music and adventure to help two neglected children become closer to their father.",7.8,154320,"$6,000,000","$102,272,727","$103,082,283",88.0,331.0,160.0
7,1968,1969,Actress In A Leading Role - Musical Or Comedy,Barbra Streisand,Funny Girl,tt0062994,Funny Girl,Funny Girl,1968,13/02/1969,"Biography, Comedy, Drama",151,USA,English,William Wyler,"Isobel Lennart, Isobel Lennart",Columbia Pictures,"Barbra Streisand, Omar Sharif, Kay Medford, Anne Francis, Walter Pidgeon, Lee Allen, Mae Questel, Gerald Mohr, Frank Faylen, Mittie Lawrence, Gertrude Flynn, Penny Santon, John Harmon, Thordis Brandt, Bettina Brenna",The life of,7.4,18998,"$14,100,000","$52,223,306","$52,224,263",89.0,98.0,58.0
8,1970,1971,Best Performance by an Actress in a Motion Picture - Drama,Ali MacGraw,Love Story,tt0066011,Love Story,Love Story,1970,9/07/1971,"Drama, Romance",100,USA,English,Arthur Hiller,Erich Segal,Paramount Pictures,"Ali MacGraw, Ryan O'Neal, John Marley, Ray Milland, Russell Nype, Katharine Balfour, Sydney Walker, Robert Modica, Walker Daniels, Tommy Lee Jones, John Merensky, Andrew Duncan, Charlotte Ford, Sudie Bond, Julie Garfield",A boy and a girl from different backgrounds fall in love regardless of their upbringing - and then tragedy strikes.,6.9,29838,"$2,200,000","$106,550,690","$106,550,690",84.0,182.0,55.0
9,1970,1971,Best Director - Motion Picture,Arthur Hiller,Love Story,tt0066011,Love Story,Love Story,1970,9/07/1971,"Drama, Romance",100,USA,English,Arthur Hiller,Erich Segal,Paramount Pictures,"Ali MacGraw, Ryan O'Neal, John Marley, Ray Milland, Russell Nype, Katharine Balfour, Sydney Walker, Robert Modica, Walker Daniels, Tommy Lee Jones, John Merensky, Andrew Duncan, Charlotte Ford, Sudie Bond, Julie Garfield",A boy and a girl from different backgrounds fall in love regardless of their upbringing - and then tragedy strikes.,6.9,29838,"$2,200,000","$106,550,690","$106,550,690",84.0,182.0,55.0
10,1970,1971,Best Screenplay - Motion Picture,Erich Segal,Love Story,tt0066011,Love Story,Love Story,1970,9/07/1971,"Drama, Romance",100,USA,English,Arthur Hiller,Erich Segal,Paramount Pictures,"Ali MacGraw, Ryan O'Neal, John Marley, Ray Milland, Russell Nype, Katharine Balfour, Sydney Walker, Robert Modica, Walker Daniels, Tommy Lee Jones, John Merensky, Andrew Duncan, Charlotte Ford, Sudie Bond, Julie Garfield",A boy and a girl from different backgrounds fall in love regardless of their upbringing - and then tragedy strikes.,6.9,29838,"$2,200,000","$106,550,690","$106,550,690",84.0,182.0,55.0
11,1970,1971,Best Original Score - Motion Picture,Francis Lai,Love Story,tt0066011,Love Story,Love Story,1970,9/07/1971,"Drama, Romance",100,USA,English,Arthur Hiller,Erich Segal,Paramount Pictures,"Ali MacGraw, Ryan O'Neal, John Marley, Ray Milland, Russell Nype, Katharine Balfour, Sydney Walker, Robert Modica, Walker Daniels, Tommy Lee Jones, John Merensky, Andrew Duncan, Charlotte Ford, Sudie Bond, Julie Garfield",A boy and a girl from different backgrounds fall in love regardless of their upbringing - and then tragedy strikes.,6.9,29838,"$2,200,000","$106,550,690","$106,550,690",84.0,182.0,55.0
12,1971,1972,Best Original Score - Motion Picture,Isaac Hayes,Shaft,tt4463894,Shaft,Shaft,2019,28/06/2019,"Action, Comedy, Crime",111,USA,English,Tim Story,"Ernest Tidyman, Kenya Barris",Davis Entertainment,"Samuel L. Jackson, Jessie T. Usher, Richard Roundtree, Regina Hall, Alexandra Shipp, Matt Lauria, Titus Welliver, Method Man, Isaach De Bankolé, Avan Jogia, Luna Lauren Velez, Robbie Jones, Aaron Dominguez, Ian Casselberry, Almeera Jiwa","JJ Shaft, a cyber security expert with a degree from MIT, enlists his family's help to uncover the truth behind his best friend's untimely death.",6.4,41924,"$35,000,000","$21,360,215","$21,360,215",40.0,360.0,117.0
13,1973,1974,New Star Of The Year - Actor,Paul Le Mat,American Graffiti,tt0069704,American Graffiti,American Graffiti,1973,24/04/1974,"Comedy, Drama",110,USA,English,George Lucas,"George Lucas, Gloria Katz",Universal Pictures,"Richard Dreyfuss, Ron Howard, Paul Le Mat, Charles Martin Smith, Cindy Williams, Candy Clark, Mackenzie Phillips, Wolfman Jack, Bo Hopkins, Manuel Padilla Jr., Beau Gentry, Harrison Ford, Jim Bohan, Jana Bellan, Deby Celiz",A couple of high school grads spend one final night cruising the strip with their buddies before they go off to college.,7.4,80176,"$777,000","$115,000,000","$115,000,000",97.0,296.0,122.0
14,1975,1976,Best Performance by an Actress in a Motion Picture - Musical or Comedy,Ann-Margret,Tommy,tt0073812,Tommy,Tommy,1975,26/03/1975,"Drama, Musical",111,UK,English,Ken Russell,"The Who, Ken Russell",Robert Stigwood Organisation Ltd.,"Oliver Reed, Ann-Margret, Roger Daltrey, Elton John, Eric Clapton, John Entwistle, Keith Moon, Paul Nicholas, Jack Nicholson, Robert Powell, Pete Townshend, Tina Turner, Arthur Brown, Victoria Russell, Ben Aris","A psychosomatically deaf, dumb and blind boy becomes a master pinball player and, subsequently, the figurehead of a cult.",6.6,18881,"$5,000,000","$34,251,525","$34,272,986",66.0,207.0,62.0
15,1975,1976,Best Original Song - Motion Picture,"I'm Easy, Keith Carradine",Nashville,tt0073440,Nashville,Nashville,1975,6/02/1976,"Comedy, Drama, Music",160,USA,English,Robert Altman,Joan Tewkesbury,ABC Entertainment,"David Arkin, Barbara Baxley, Ned Beatty, Karen Black, Ronee Blakley, Timothy Brown, Keith Carradine, Geraldine Chaplin, Robert DoQui, Shelley Duvall, Allen Garfield, Henry Gibson, Scott Glenn, Jeff Goldblum, Barbara Harris","Over the course of a few hectic days, numerous interrelated people prepare for a political convention.",7.7,23154,"$2,200,000","$9,984,123","$9,984,123",96.0,177.0,106.0
16,1980,1981,New Star Of The Year - Actress,Nastassja Kinski,Tess,tt0080009,Tess,Tess,1979,7/03/1980,"Drama, Romance",186,"UK, France",English,Roman Polanski,"Gérard Brach, Roman Polanski",Renn Productions,"John Collin, Tony Church, Nastassja Kinski, Brigid Erin Bates, Jeanne Biras, Peter Firth, John Bett, Tom Chadbon, Rosemary Martin, Geraldine Arzul, Stephanie Treille, Elodie Warnod, Ben Reeks, Jack Stephens, Leigh Lawson",A strong-willed young peasant girl attracts the affection of two men.,7.3,14866,"$12,000,000","$20,093,330","$20,101,247",82.0,84.0,68.0
17,1982,1983,Best Performance by an Actor in a Motion Picture - Drama,Ben Kingsley,Gandhi,tt0083987,Gandhi,Gandhi,1982,17/02/1983,"Biography, Drama, History",191,"UK, India",English,Richard Attenborough,John Briley,International Film Investors,"Ben Kingsley, Rohini Hattangadi, Roshan Seth, Candice Bergen, Edward Fox, John Gielgud, Trevor Howard, John Mills, Martin Sheen, Ian Charleson, Günther Maria Halmer, Athol Fugard, Saeed Jaffrey, Geraldine James, Alyque Padamsee",The life of the lawyer who became the famed leader of the Indian revolts against the British rule through his philosophy of nonviolent protest.,8.0,215222,"$22,000,000","$52,767,889","$52,767,889",79.0,300.0,108.0
18,1982,1983,Best Director - Motion Picture,Richard Attenborough,Gandhi,tt0083987,Gandhi,Gandhi,1982,17/02/1983,"Biography, Drama, History",191,"UK, India",English,Richard Attenborough,John Briley,International Film Investors,"Ben Kingsley, Rohini Hattangadi, Roshan Seth, Candice Bergen, Edward Fox, John Gielgud, Trevor Howard, John Mills, Martin Sheen, Ian Charleson, Günther Maria Halmer, Athol Fugard, Saeed Jaffrey, Geraldine James, Alyque Padamsee",The life of the lawyer who became the famed leader of the Indian revolts against the British rule through his philosophy of nonviolent protest.,8.0,215222,"$22,000,000","$52,767,889","$52,767,889",79.0,300.0,108.0
19,1982,1983,Best Screenplay - Motion Picture,John Briley,Gandhi,tt0083987,Gandhi,Gandhi,1982,17/02/1983,"Biography, Drama, History",191,"UK, India",English,Richard Attenborough,John Briley,International Film Investors,"Ben Kingsley, Rohini Hattangadi, Roshan Seth, Candice Bergen, Edward Fox, John Gielgud, Trevor Howard, John Mills, Martin Sheen, Ian Charleson, Günther Maria Halmer, Athol Fugard, Saeed Jaffrey, Geraldine James, Alyque Padamsee",The life of the lawyer who became the famed leader of the Indian revolts against the British rule through his philosophy of nonviolent protest.,8.0,215222,"$22,000,000","$52,767,889","$52,767,889",79.0,300.0,108.0
20,1982,1983,New Star Of The Year - Actor,Ben Kingsley,Gandhi,tt0083987,Gandhi,Gandhi,1982,17/02/1983,"Biography, Drama, History",191,"UK, India",English,Richard Attenborough,John Briley,International Film Investors,"Ben Kingsley, Rohini Hattangadi, Roshan Seth, Candice Bergen, Edward Fox, John Gielgud, Trevor Howard, John Mills, Martin Sheen, Ian Charleson, Günther Maria Halmer, Athol Fugard, Saeed Jaffrey, Geraldine James, Alyque Padamsee",The life of the lawyer who became the famed leader of the Indian revolts against the British rule through his philosophy of nonviolent protest.,8.0,215222,"$22,000,000","$52,767,889","$52,767,889",79.0,300.0,108.0
21,1982,1983,Best Performance by an Actor in a Motion Picture - Musical or Comedy,Dustin Hoffman,Tootsie,tt0084805,Tootsie,Tootsie,1982,22/04/1983,"Comedy, Drama, Romance",116,USA,English,Sydney Pollack,"Don McGuire, Larry Gelbart",Columbia Pictures,"Dustin Hoffman, Jessica Lange, Teri Garr, Dabney Coleman, Charles Durning, Bill Murray, Sydney Pollack, George Gaynes, Geena Davis, Doris Belack, Ellen Foley, Peter Gatto, Lynne Thigpen, Ronald L. Schwary, Debra Mooney","Michael Dorsey, an unsuccessful actor, disguises himself as a woman in order to get a role on a trashy hospital soap.",7.4,96041,"$21,000,000","$177,200,000","$177,200,000",88.0,247.0,92.0
22,1982,1983,Best Performance by an Actress in a Supporting Role in any Motion Picture,Jessica Lange,Tootsie,tt0084805,Tootsie,Tootsie,1982,22/04/1983,"Comedy, Drama, Romance",116,USA,English,Sydney Pollack,"Don McGuire, Larry Gelbart",Columbia Pictures,"Dustin Hoffman, Jessica Lange, Teri Garr, Dabney Coleman, Charles Durning, Bill Murray, Sydney Pollack, George Gaynes, Geena Davis, Doris Belack, Ellen Foley, Peter Gatto, Lynne Thigpen, Ronald L. Schwary, Debra Mooney","Michael Dorsey, an unsuccessful actor, disguises himself as a woman in order to get a role on a trashy hospital soap.",7.4,96041,"$21,000,000","$177,200,000","$177,200,000",88.0,247.0,92.0
23,1982,1983,New Star Of The Year - Actress,Sandahl Bergman,Conan the Barbarian,tt0816462,Conan the Barbarian,Conan the Barbarian,2011,18/08/2011,"Action, Adventure, Fantasy",113,"USA, Bulgaria, Germany, India",English,Marcus Nispel,"Thomas Dean Donnelly, Joshua Oppenheimer",Lionsgate,"Jason Momoa, Stephen Lang, Rachel Nichols, Ron Perlman, Rose McGowan, Bob Sapp, Leo Howard, Steven O'Donnell, Nonso Anozie, Raad Rawi, Laila Rouass, Saïd Taghmaoui, Milton Welsh, Borislav Iliev, Nathan Jones",A vengeful barbarian warrior sets off to get his revenge on the evil warlord who attacked his village and murdered his father when he was a boy.,5.2,94170,"$90,000,000","$21,295,021","$63,523,283",36.0,369.0,320.0
24,1983,1984,Best Performance by an Actress in a Supporting Role in any Motion Picture,Cher,Silkwood,tt0086312,Silkwood,Silkwood,1983,29/03/1984,"Biography, Drama, History",131,USA,English,Mike Nichols,"Nora Ephron, Alice Arlen",ABC Motion Pictures,"Meryl Streep, Kurt Russell, Cher, Craig T. Nelson, Diana Scarwid, Fred Ward, Ron Silver, Charles Hallahan, Josef Sommer, Sudie Bond, Henderson Forsythe, E. Katherine Kerr, Bruce McGill, David Strathairn, J.C. Quinn","A worker at a plutonium processing plant is purposefully contaminated, psychologically tortured and possibly murdered to prevent her from exposing worker safety violations at the plant.",7.2,17878,"$10,000,000","$35,615,609","$35,615,609",64.0,90.0,40.0
25,1983,1984,Best Original Score - Motion Picture,Giorgio Moroder,Flashdance,tt0085549,Flashdance,Flashdance,1983,15/04/1983,"Drama, Music, Romance",95,USA,English,Adrian Lyne,"Thomas Hedley Jr., Joe Eszterhas",Paramount Pictures,"Jennifer Beals, Michael Nouri, Lilia Skala, Sunny Johnson, Kyle T. Heffner, Lee Ving, Ron Karabatsos, Belinda Bauer, Malcolm Danare, Philip Bruns, Micole Mercurio, Lucy Lee Flippin, Don Brockett, Cynthia Rhodes, Durga McBroom",A Pittsburgh woman with two jobs as a welder and an exotic dancer wants to get into ballet school.,6.2,46644,"$4,000,000","$92,921,203","$92,921,203",39.0,156.0,61.0
26,1983,1984,Best Original Song - Motion Picture,"Flashdance… What a Feeling, Giorgio Moroder, Keith Forsey, Irene Cara",Flashdance,tt0085549,Flashdance,Flashdance,1983,15/04/1983,"Drama, Music, Romance",95,USA,English,Adrian Lyne,"Thomas Hedley Jr., Joe Eszterhas",Paramount Pictures,"Jennifer Beals, Michael Nouri, Lilia Skala, Sunny Johnson, Kyle T. Heffner, Lee Ving, Ron Karabatsos, Belinda Bauer, Malcolm Danare, Philip Bruns, Micole Mercurio, Lucy Lee Flippin, Don Brockett, Cynthia Rhodes, Durga McBroom",A Pittsburgh woman with two jobs as a welder and an exotic dancer wants to get into ballet school.,6.2,46644,"$4,000,000","$92,921,203","$92,921,203",39.0,156.0,61.0
27,1986,1987,Best Original Song - Motion Picture,"Take My Breath Away, Giorgio Moroder, Tom Whitlock",Top Gun,tt0092099,Top Gun,Top Gun,1986,18/09/1986,"Action, Drama",110,USA,English,Tony Scott,"Jim Cash, Jack Epps Jr.",Paramount Pictures,"Tom Cruise, Kelly McGillis, Val Kilmer, Anthony Edwards, Tom Skerritt, Michael Ironside, John Stockwell, Barry Tubb, Rick Rossovich, Tim Robbins, Clarence Gilyard Jr., Whip Hubley, James Tolkan, Meg Ryan, Adrian Pasdar","As students at the United States Navy's elite fighter weapons school compete to be best in the class, one daring young pilot learns a few things from a civilian instructor that are not taught in the classroom.",6.9,287577,"$15,000,000","$179,800,601","$356,830,601",50.0,497.0,196.0
28,1987,1988,Best Performance by an Actress in a Motion Picture - Drama,Sally Kirkland,Anna,tt1715336,Anna,Anna,2013,24/01/2014,"Drama, Mystery, Sci-Fi",99,"Spain, USA, UK, France",English,Jorge Dorado,"Guy Holmes, Martha Holmes",The Safran Company,"Mark Strong, Saskia Reeves, Richard Dillane, Indira Varma, Noah Taylor, Alberto Ammann, Brian Cox, Molly Stein, Marc Padró, Frida Palsson, David Chevers, Bruno Sevilla, Aisha Prigann, Taissa Farmiga, Sanny van Heteren","A man with the ability to enter people's memories takes on the case of a brilliant, troubled sixteen-year-old girl to determine whether she is a sociopath or a victim of trauma.",6.5,21130,"$7,000,000","$4,288","$1,257,142",42.0,71.0,75.0
29,1987,1988,Best Performance by an Actor in a Motion Picture - Drama,Michael Douglas,Wall Street,tt0094291,Wall Street,Wall Street,1987,5/02/1988,"Crime, Drama",126,USA,English,Oliver Stone,"Stanley Weiser, Oliver Stone",Twentieth Century Fox,"Charlie Sheen, Tamara Tunie, Franklin Cover, Chuck Pfeiffer, John C. McGinley, Hal Holbrook, James Karen, Leslie Lyles, Michael Douglas, Faith Geer, Frank Adonis, John Capodice, Martin Sheen, Suzen Murakoshi, Dani Klein","A young and impatient stockbroker is willing to do anything to get to the top, including trading on illegal inside information taken through a ruthless and greedy corporate raider who takes the youth under his wing.",7.4,140858,"$15,000,000","$43,848,069","$43,848,069",56.0,237.0,118.0
30,1987,1988,Best Performance by an Actor in a Motion Picture - Musical or Comedy,Robin Williams,"Good Morning, Vietnam",tt0093105,"Good Morning, Vietnam","Good Morning, Vietnam",1987,7/10/1988,"Biography, Comedy, Drama",121,USA,English,Barry Levinson,Mitch Markowitz,Touchstone Pictures,"Robin Williams, Forest Whitaker, Tom. T. Tran, Chintara Sukapatana, Bruno Kirby, Robert Wuhl, J.T. Walsh, Noble Willingham, Richard Edson, Juney Smith, Richard Portnow, Floyd Vivino, Cu Ba Nguyen, Dan Stanton, Don Stanton","In 1965, an unorthodox and irreverent DJ named",7.3,123551,"$13,000,000","$123,922,370","$123,922,370",67.0,157.0,69.0
31,1988,1989,Best Director - Motion Picture,Clint Eastwood,Bird,tt0094747,Bird,Bird,1988,23/09/1988,"Biography, Drama, Music",161,USA,English,Clint Eastwood,Joel Oliansky,The Malpaso Company,"Forest Whitaker, Diane Venora, Michael Zelniker, Samuel E. Wright, Keith David, Michael McGuire, James Handy, Damon Whitaker, Morgan Nagler, Arlen Dean Snyder, Sam Robards, Penelope Windust, Glenn Wright, George Orrison, Bill Cobbs","The troubled life and career of jazz musician Charlie ""Bird"" Parker (Forest Whitaker).",7.2,11174,"$9,000,000","$2,181,286","$2,181,286",78.0,40.0,31.0
32,1990,1991,Best Performance by an Actress in a Motion Picture - Musical or Comedy,Julia Roberts,Pretty Woman,tt0100405,Pretty Woman,Pretty Woman,1990,14/08/1990,"Comedy, Romance",119,USA,English,Garry Marshall,J.F. Lawton,Touchstone Pictures,"Richard Gere, Julia Roberts, Ralph Bellamy, Jason Alexander, Laura San Giacomo, Alex Hyde-White, Amy Yasbeck, Elinor Donahue, Hector Elizondo, Judith Baldwin, Jason Randal, Bill Applebaum, Tracy Bjork, Gary Greene, Billy Gallo","A man in a legal but hurtful business needs an escort for some social events, and hires a beautiful prostitute he meets... only to fall in love.",7.0,281688,"$14,000,000","$178,406,268","$463,407,097",51.0,334.0,82.0
33,1991,1992,Best Screenplay - Motion Picture,Callie Khouri,Thelma & Louise,tt0103074,Thelma & Louise,Thelma & Louise,1991,13/09/1991,"Adventure, Crime, Drama",130,"USA, UK, France",English,Ridley Scott,Callie Khouri,Pathé Entertainment,"Susan Sarandon, Geena Davis, Harvey Keitel, Michael Madsen, Christopher McDonald, Stephen Tobolowsky, Brad Pitt, Timothy Carhart, Lucinda Jenney, Jason Beghe, Sonny Carl Davis, Shelly Desai, Ken Swofford, Carol Mansell, Stephen Polk","Two best friends set out on an adventure, but it soon turns around to a terrifying escape from being hunted by the police, as these two girls escape for the crimes they committed.",7.5,132924,"$16,500,000","$45,360,915","$45,434,805",88.0,335.0,121.0
34,1992,1993,Best Original Score - Motion Picture,Alan Menken,Aladdin,tt0103639,Aladdin,Aladdin,1992,3/12/1993,"Animation, Adventure, Comedy",90,USA,English,"Ron Clements, John Musker","Ron Clements, John Musker",Walt Disney Pictures,"Scott Weinger, Robin Williams, Linda Larkin, Jonathan Freeman, Frank Welker, Gilbert Gottfried, Douglas Seale, Charlie Adler, Jack Angel, Corey Burton, Philip L. Clarke, Jim Cummings, Jennifer Darling, Debi Derryberry, Bruce Gooch",A kindhearted street urchin and a power-hungry Grand Vizier vie for a magic lamp that has the power to make their deepest wishes come true.,8.0,363761,"$28,000,000","$217,350,219","$504,050,219",86.0,333.0,155.0
35,1992,1993,Best Original Song - Motion Picture,"A Whole New World, Alan Menken, Tim Rice",Aladdin,tt0103639,Aladdin,Aladdin,1992,3/12/1993,"Animation, Adventure, Comedy",90,USA,English,"Ron Clements, John Musker","Ron Clements, John Musker",Walt Disney Pictures,"Scott Weinger, Robin Williams, Linda Larkin, Jonathan Freeman, Frank Welker, Gilbert Gottfried, Douglas Seale, Charlie Adler, Jack Angel, Corey Burton, Philip L. Clarke, Jim Cummings, Jennifer Darling, Debi Derryberry, Bruce Gooch",A kindhearted street urchin and a power-hungry Grand Vizier vie for a magic lamp that has the power to make their deepest wishes come true.,8.0,363761,"$28,000,000","$217,350,219","$504,050,219",86.0,333.0,155.0
36,1993,1994,Best Performance by an Actor in a Motion Picture - Drama,Tom Hanks,Philadelphia,tt0107818,Philadelphia,Philadelphia,1993,4/03/1994,Drama,125,USA,English,Jonathan Demme,Ron Nyswaner,TriStar Pictures,"Tom Hanks, Denzel Washington, Roberta Maxwell, Buzz Kilman, Karen Finley, Daniel Chapman, Mark Sorensen Jr., Jeffrey Williamson, Charles Glenn, Ron Vawter, Anna Deavere Smith, Stephanie Roth Haberle, Lisa Talerico, Joanne Woodward, Jason Robards","When a man with HIV is fired by his law firm because of his condition, he hires a homophobic small time lawyer as the only willing advocate for a wrongful dismissal suit.",7.7,219688,"$26,000,000","$77,446,440","$206,678,440",66.0,302.0,85.0
37,1993,1994,Best Original Song - Motion Picture,"Streets of Philadelphia, Bruce Springsteen",Philadelphia,tt0107818,Philadelphia,Philadelphia,1993,4/03/1994,Drama,125,USA,English,Jonathan Demme,Ron Nyswaner,TriStar Pictures,"Tom Hanks, Denzel Washington, Roberta Maxwell, Buzz Kilman, Karen Finley, Daniel Chapman, Mark Sorensen Jr., Jeffrey Williamson, Charles Glenn, Ron Vawter, Anna Deavere Smith, Stephanie Roth Haberle, Lisa Talerico, Joanne Woodward, Jason Robards","When a man with HIV is fired by his law firm because of his condition, he hires a homophobic small time lawyer as the only willing advocate for a wrongful dismissal suit.",7.7,219688,"$26,000,000","$77,446,440","$206,678,440",66.0,302.0,85.0
38,1994,1995,Best Performance by an Actor in a Motion Picture - Drama,Tom Hanks,Forrest Gump,tt0109830,Forrest Gump,Forrest Gump,1994,6/10/1994,"Drama, Romance",142,USA,English,Robert Zemeckis,"Winston Groom, Eric Roth",Paramount Pictures,"Tom Hanks, Rebecca Williams, Sally Field, Michael Conner Humphreys, Harold G. Herthum, George Kelly, Bob Penny, John Randall, Sam Anderson, Margo Moorer, Ione M. Telech, Christine Seabrook, John Worsham, Peter Dobson, Siobhan Fallon Hogan","The presidencies of Kennedy and Johnson, the events of Vietnam, Watergate and other historical events unfold through the perspective of an Alabama man with an IQ of 75, whose only desire is to be reunited with his childhood sweetheart.",8.8,1755490,"$55,000,000","$330,455,270","$678,229,452",82.0,2416.0,169.0
39,1994,1995,Best Director - Motion Picture,Robert Zemeckis,Forrest Gump,tt0109830,Forrest Gump,Forrest Gump,1994,6/10/1994,"Drama, Romance",142,USA,English,Robert Zemeckis,"Winston Groom, Eric Roth",Paramount Pictures,"Tom Hanks, Rebecca Williams, Sally Field, Michael Conner Humphreys, Harold G. Herthum, George Kelly, Bob Penny, John Randall, Sam Anderson, Margo Moorer, Ione M. Telech, Christine Seabrook, John Worsham, Peter Dobson, Siobhan Fallon Hogan","The presidencies of Kennedy and Johnson, the events of Vietnam, Watergate and other historical events unfold through the perspective of an Alabama man with an IQ of 75, whose only desire is to be reunited with his childhood sweetheart.",8.8,1755490,"$55,000,000","$330,455,270","$678,229,452",82.0,2416.0,169.0
40,1994,1995,Best Performance by an Actor in a Supporting Role in any Motion Picture,Martin Landau,Ed Wood,tt0109707,Ed Wood,Ed Wood,1994,27/05/1995,"Biography, Comedy, Drama",127,USA,English,Tim Burton,"Rudolph Grey, Scott Alexander",Touchstone Pictures,"Johnny Depp, Martin Landau, Sarah Jessica Parker, Patricia Arquette, Jeffrey Jones, G.D. Spradlin, Vincent D'Onofrio, Bill Murray, Mike Starr, Max Casella, Brent Hinkley, Lisa Marie, George 'The Animal' Steele, Juliet Landau, Clive Rosengren",Ambitious but troubled movie director,7.8,162933,"$18,000,000","$5,887,457","$5,887,457",70.0,464.0,155.0
41,1995,1996,Best Performance by an Actor in a Motion Picture - Musical or Comedy,John Travolta,Get Shorty,tt0113161,Get Shorty,Get Shorty,1995,8/03/1996,"Comedy, Crime, Thriller",105,USA,English,Barry Sonnenfeld,"Elmore Leonard, Scott Frank",Metro-Goldwyn-Mayer (MGM),"John Travolta, Gene Hackman, Rene Russo, Danny DeVito, Dennis Farina, Delroy Lindo, James Gandolfini, Jon Gries, Renee Props, David Paymer, Martin Ferrero, Miguel Sandoval, Jacob Vargas, Linda Hart, Bobby Slayton","A mobster travels to Hollywood to collect a debt, and discovers that the movie business is much the same as his current job.",6.9,74583,"$30,250,000","$72,101,622","$115,101,622",82.0,161.0,106.0
42,1996,1997,Best Performance by an Actress in a Motion Picture - Musical or Comedy,Madonna,Evita,tt0116250,Evita,Evita,1996,20/12/1996,"Biography, Drama, History",135,USA,English,Alan Parker,"Tim Rice, Alan Parker",Hollywood Pictures,"Madonna, Antonio Banderas, Jonathan Pryce, Jimmy Nail, Victoria Sus, Julian Littman, Olga Merediz, Laura Pallas, Julia Worsley, María Luján Hidalgo, Servando Villamil, Andrea Corr, Peter Polycarpou, Gary Brooker, Maite Yerro","The hit musical based on the life of Evita Duarte, a B-picture Argentinian actress who eventually became the wife of Argentinian president Juan Perón, and the most beloved and hated woman in Argentina.",6.3,33567,"$55,000,000","$50,047,179","$141,047,179",45.0,212.0,69.0
43,1996,1997,Best Original Song - Motion Picture,"""You Must Love Me"", Andrew Lloyd Webber, Tim Rice",Evita,tt0116250,Evita,Evita,1996,20/12/1996,"Biography, Drama, History",135,USA,English,Alan Parker,"Tim Rice, Alan Parker",Hollywood Pictures,"Madonna, Antonio Banderas, Jonathan Pryce, Jimmy Nail, Victoria Sus, Julian Littman, Olga Merediz, Laura Pallas, Julia Worsley, María Luján Hidalgo, Servando Villamil, Andrea Corr, Peter Polycarpou, Gary Brooker, Maite Yerro","The hit musical based on the life of Evita Duarte, a B-picture Argentinian actress who eventually became the wife of Argentinian president Juan Perón, and the most beloved and hated woman in Argentina.",6.3,33567,"$55,000,000","$50,047,179","$141,047,179",45.0,212.0,69.0
44,1997,1998,Best Performance by an Actress in a Supporting Role in any Motion Picture,Kim Basinger,L.A. Confidential,tt0119488,L.A. Confidential,L.A. Confidential,1997,7/11/1997,"Crime, Drama, Mystery",138,USA,English,Curtis Hanson,"James Ellroy, Brian Helgeland",Regency Enterprises,"Kevin Spacey, Russell Crowe, Guy Pearce, James Cromwell, Kim Basinger, Danny DeVito, David Strathairn, Ron Rifkin, Matt McCoy, Paul Guilfoyle, Paolo Seganti, Elisabeth Granli, Sandra Taylor, Steve Rankin, Graham Beckel","As corruption grows in 1950s Los Angeles, three policemen - one strait-laced, one brutal, and one sleazy - investigate a series of murders with their own brand of justice.",8.2,521530,"$35,000,000","$64,616,940","$126,216,940",90.0,715.0,132.0
45,1998,1999,Best Performance by an Actor in a Motion Picture - Drama,Jim Carrey,The Truman Show,tt0120382,The Truman Show,The Truman Show,1998,10/09/1998,"Comedy, Drama, Sci-Fi",103,USA,English,Peter Weir,Andrew Niccol,Paramount Pictures,"Jim Carrey, Laura Linney, Noah Emmerich, Natascha McElhone, Holland Taylor, Brian Delate, Blair Slater, Peter Krause, Heidi Schanz, Ron Taylor, Don Taylor, Ted Raymond, Judy Clayton, Fritz Dominique, Angel Schmiedt",An insurance salesman discovers his whole life is actually a reality TV show.,8.1,910502,"$60,000,000","$125,618,201","$264,118,201",90.0,1165.0,238.0
46,1998,1999,Best Performance by an Actor in a Supporting Role in any Motion Picture,Ed Harris,The Truman Show,tt0120382,The Truman Show,The Truman Show,1998,10/09/1998,"Comedy, Drama, Sci-Fi",103,USA,English,Peter Weir,Andrew Niccol,Paramount Pictures,"Jim Carrey, Laura Linney, Noah Emmerich, Natascha McElhone, Holland Taylor, Brian Delate, Blair Slater, Peter Krause, Heidi Schanz, Ron Taylor, Don Taylor, Ted Raymond, Judy Clayton, Fritz Dominique, Angel Schmiedt",An insurance salesman discovers his whole life is actually a reality TV show.,8.1,910502,"$60,000,000","$125,618,201","$264,118,201",90.0,1165.0,238.0
47,1998,1999,Best Original Score - Motion Picture,"Burkhard Dallwitz, Philip Glass",The Truman Show,tt0120382,The Truman Show,The Truman Show,1998,10/09/1998,"Comedy, Drama, Sci-Fi",103,USA,English,Peter Weir,Andrew Niccol,Paramount Pictures,"Jim Carrey, Laura Linney, Noah Emmerich, Natascha McElhone, Holland Taylor, Brian Delate, Blair Slater, Peter Krause, Heidi Schanz, Ron Taylor, Don Taylor, Ted Raymond, Judy Clayton, Fritz Dominique, Angel Schmiedt",An insurance salesman discovers his whole life is actually a reality TV show.,8.1,910502,"$60,000,000","$125,618,201","$264,118,201",90.0,1165.0,238.0
48,1998,1999,Best Performance by an Actress in a Motion Picture - Musical or Comedy,Gwyneth Paltrow,Shakespeare in Love,tt0138097,Shakespeare in Love,Shakespeare in Love,1998,26/02/1999,"Comedy, Drama, History",123,"USA, UK",English,John Madden,"Marc Norman, Tom Stoppard",Universal Pictures,"Geoffrey Rush, Tom Wilkinson, Steven O'Donnell, Tim McMullan, Joseph Fiennes, Steven Beard, Antony Sher, Patrick Barlow, Martin Clunes, Sandra Reinton, Simon Callow, Judi Dench, Bridget McConnell, Georgie Glen, Nicholas Boulton","The world's greatest ever playwright,",7.1,210981,"$25,000,000","$100,317,794","$289,317,794",87.0,782.0,130.0
49,1998,1999,Best Screenplay - Motion Picture,Marc Norman,Shakespeare in Love,tt0138097,Shakespeare in Love,Shakespeare in Love,1998,26/02/1999,"Comedy, Drama, History",123,"USA, UK",English,John Madden,"Marc Norman, Tom Stoppard",Universal Pictures,"Geoffrey Rush, Tom Wilkinson, Steven O'Donnell, Tim McMullan, Joseph Fiennes, Steven Beard, Antony Sher, Patrick Barlow, Martin Clunes, Sandra Reinton, Simon Callow, Judi Dench, Bridget McConnell, Georgie Glen, Nicholas Boulton","The world's greatest ever playwright,",7.1,210981,"$25,000,000","$100,317,794","$289,317,794",87.0,782.0,130.0
50,1999,2000,Best Performance by an Actress in a Motion Picture - Drama,Hilary Swank,Boys Don't Cry,tt0171804,Boys Don't Cry,Boys Don't Cry,1999,11/02/2000,"Biography, Crime, Drama",118,USA,English,Kimberly Peirce,"Kimberly Peirce, Andy Bienen",Fox Searchlight Pictures,"Hilary Swank, Chloë Sevigny, Peter Sarsgaard, Brendan Sexton III, Alicia Goranson, Alison Folland, Jeannetta Arnette, Rob Campbell, Matt McGrath, Cheyenne Rushing, Robert Prentiss, Josh Ridgway, Craig Erickson, Stephanie Sechrist, Jerry Haynes","A young man named Brandon Teena navigates love, life, and being transgender in rural Nebraska.",7.5,91123,"$2,000,000","$11,540,607","$11,540,607",86.0,446.0,123.0
51,1999,2000,Best Performance by an Actor in a Motion Picture - Musical or Comedy,Jim Carrey,Man on the Moon,tt0125664,Man on the Moon,Man on the Moon,1999,24/03/2000,"Biography, Comedy, Drama",118,"UK, Germany, Japan, USA",English,Milos Forman,"Scott Alexander, Larry Karaszewski",Universal Pictures,"Jim Carrey, Gerry Becker, Greyson Erik Pendry, Brittany Colonna, Leslie Lyles, Bobby Boriello, George Shapiro, Danny DeVito, Budd Friedman, Tom Dreesen, Thomas Armbruster, Pamela Abdy, Wendy Polland, Cash Oshman, Matt Price",The life and career of legendary comedian,7.4,122278,"$82,000,000","$34,607,430","$47,434,430",58.0,573.0,137.0
52,1999,2000,Best Director - Motion Picture,Sam Mendes,American Beauty,tt0169547,American Beauty,American Beauty,1999,21/01/2000,Drama,122,USA,English,Sam Mendes,Alan Ball,DreamWorks,"Kevin Spacey, Annette Bening, Thora Birch, Wes Bentley, Mena Suvari, Peter Gallagher, Allison Janney, Chris Cooper, Scott Bakula, Sam Robards, Barry Del Sherman, Ara Celi, John Cho, Fort Atkinson, Sue Casey",A sexually frustrated suburban father has a mid-life crisis after becoming infatuated with his daughter's best friend.,8.3,1049009,"$15,000,000","$130,096,601","$356,296,601",84.0,2903.0,198.0
53,1999,2000,Best Screenplay - Motion Picture,Alan Ball,American Beauty,tt0169547,American Beauty,American Beauty,1999,21/01/2000,Drama,122,USA,English,Sam Mendes,Alan Ball,DreamWorks,"Kevin Spacey, Annette Bening, Thora Birch, Wes Bentley, Mena Suvari, Peter Gallagher, Allison Janney, Chris Cooper, Scott Bakula, Sam Robards, Barry Del Sherman, Ara Celi, John Cho, Fort Atkinson, Sue Casey",A sexually frustrated suburban father has a mid-life crisis after becoming infatuated with his daughter's best friend.,8.3,1049009,"$15,000,000","$130,096,601","$356,296,601",84.0,2903.0,198.0
54,1999,2000,Best Original Song - Motion Picture,"""You'll Be In My Heart"", Phil Collins",Tarzan,tt0120855,Tarzan,Tarzan,1999,3/12/1999,"Animation, Adventure, Family",88,USA,English,"Chris Buck, Kevin Lima","Tab Murphy, Bob Tzudiker",Walt Disney Pictures,"Brian Blessed, Glenn Close, Minnie Driver, Tony Goldwyn, Nigel Hawthorne, Lance Henriksen, Wayne Knight, Alex D. Linz, Rosie O'Donnell, Beth Anderson, Jack Angel, Joseph Ashton, Bob Bergen, Billy Bodine, Hillary Brooks",A man raised by gorillas must decide where he really belongs when he discovers he is a human.,7.3,198381,"$130,000,000","$171,091,819","$448,191,819",79.0,297.0,148.0
55,2000,2001,Best Original Song - Motion Picture,"""Things Have Changed"", Bob Dylan",Wonder Boys,tt0185014,Wonder Boys,Wonder Boys,2000,20/10/2000,"Comedy, Drama",107,"USA, Germany, UK, Japan",English,Curtis Hanson,"Michael Chabon, Steve Kloves",British Broadcasting Corporation (BBC),"Michael Douglas, Tobey Maguire, Frances McDormand, Robert Downey Jr., Katie Holmes, Rip Torn, Richard Knox, Jane Adams, Michael Cavadias, Richard Thomas, Alan Tudyk, Philip Bosco, George Grizzard, Kelly Bishop, Bill Velin","An English Professor tries to deal with his wife leaving him, the arrival of his editor who has been waiting for his book for seven years, and the various problems that his friends and associates involve him in.",7.2,60557,"$55,000,000","$19,393,557","$33,426,588",73.0,347.0,183.0
56,2001,2002,Best Performance by an Actor in a Motion Picture - Drama,Russell Crowe,A Beautiful Mind,tt0268978,A Beautiful Mind,A Beautiful Mind,2001,22/02/2002,"Biography, Drama",135,USA,English,Ron Howard,"Akiva Goldsman, Sylvia Nasar",Universal Pictures,"Russell Crowe, Ed Harris, Jennifer Connelly, Christopher Plummer, Paul Bettany, Adam Goldberg, Josh Lucas, Anthony Rapp, Jason Gray-Stanford, Judd Hirsch, Austin Pendleton, Vivien Cardone, Jillie Simon, Victor Steinbach, Tanya Clarke",After,8.2,827595,"$58,000,000","$170,742,341","$316,791,257",72.0,1302.0,152.0
57,2001,2002,Best Performance by an Actress in a Supporting Role in any Motion Picture,Jennifer Connelly,A Beautiful Mind,tt0268978,A Beautiful Mind,A Beautiful Mind,2001,22/02/2002,"Biography, Drama",135,USA,English,Ron Howard,"Akiva Goldsman, Sylvia Nasar",Universal Pictures,"Russell Crowe, Ed Harris, Jennifer Connelly, Christopher Plummer, Paul Bettany, Adam Goldberg, Josh Lucas, Anthony Rapp, Jason Gray-Stanford, Judd Hirsch, Austin Pendleton, Vivien Cardone, Jillie Simon, Victor Steinbach, Tanya Clarke",After,8.2,827595,"$58,000,000","$170,742,341","$316,791,257",72.0,1302.0,152.0
58,2001,2002,Best Screenplay - Motion Picture,Akiva Goldsman,A Beautiful Mind,tt0268978,A Beautiful Mind,A Beautiful Mind,2001,22/02/2002,"Biography, Drama",135,USA,English,Ron Howard,"Akiva Goldsman, Sylvia Nasar",Universal Pictures,"Russell Crowe, Ed Harris, Jennifer Connelly, Christopher Plummer, Paul Bettany, Adam Goldberg, Josh Lucas, Anthony Rapp, Jason Gray-Stanford, Judd Hirsch, Austin Pendleton, Vivien Cardone, Jillie Simon, Victor Steinbach, Tanya Clarke",After,8.2,827595,"$58,000,000","$170,742,341","$316,791,257",72.0,1302.0,152.0
59,2001,2002,Best Director - Motion Picture,Robert Altman,Gosford Park,tt0280707,Gosford Park,Gosford Park,2001,8/03/2002,"Comedy, Drama, Mystery",131,"USA, UK, Italy",English,Robert Altman,"Julian Fellowes, Robert Altman",USA Films,"Maggie Smith, Michael Gambon, Kristin Scott Thomas, Camilla Rutherford, Charles Dance, Geraldine Somerville, Tom Hollander, Natasha Wightman, Jeremy Northam, Bob Balaban, James Wilby, Claudie Blakley, Laurence Fox, Trent Ford, Ryan Phillippe",The lives of upstairs guests and downstairs servants at a party in 1932 in a country house in England as they investigate a murder involving one of them.,7.2,78935,"$19,800,000","$41,308,615","$87,754,044",90.0,666.0,184.0
60,2002,2003,Best Performance by an Actress in a Motion Picture - Drama,Nicole Kidman,The Hours,tt0274558,The Hours,The Hours,2002,7/03/2003,"Drama, Romance",110,"USA, UK, France, Canada, Germany",English,Stephen Daldry,"Michael Cunningham, David Hare",Paramount Pictures,"Nicole Kidman, Julianne Moore, Meryl Streep, Stephen Dillane, Miranda Richardson, George Loftus, Charley Ramm, Sophie Wyburd, Lyndsey Marshal, Linda Bassett, Christian Coulson, Michael Culkin, John C. Reilly, Jack Rovello, Toni Collette","The story of how the novel ""Mrs. Dalloway"" affects three generations of women, all of whom, in one way or another, have had to deal with suicide in their lives.",7.5,122422,"$25,000,000","$41,675,994","$108,846,072",80.0,677.0,170.0
61,2003,2004,Best Performance by an Actress in a Motion Picture - Drama,Charlize Theron,Monster,tt0340855,Monster,Monster,2003,30/04/2004,"Biography, Crime, Drama",109,"USA, Germany",English,Patty Jenkins,Patty Jenkins,Media 8 Entertainment,"Charlize Theron, Christina Ricci, Bruce Dern, Lee Tergesen, Annie Corley, Pruitt Taylor Vince, Marco St. John, Marc Macaulay, Scott Wilson, Rus Blackwell, Tim Ware, Stephan Jones, Brett Rice, Kaitlin Riley, Cree Ivey",Based on the life of,7.3,133240,"$8,000,000","$34,469,210","$58,469,210",74.0,573.0,193.0
62,2003,2004,Best Performance by an Actor in a Motion Picture - Drama,Sean Penn,Mystic River,tt0327056,Mystic River,Mystic River,2003,24/10/2003,"Crime, Drama, Mystery",138,"USA, Australia",English,Clint Eastwood,"Brian Helgeland, Dennis Lehane",Warner Bros.,"Sean Penn, Tim Robbins, Kevin Bacon, Laurence Fishburne, Marcia Gay Harden, Laura Linney, Kevin Chapman, Tom Guiry, Emmy Rossum, Spencer Treat Clark, Andrew Mackin, Adam Nelson, Robert Wahlberg, Jenny O'Hara, John Doman",The lives of three men who were childhood friends are shattered when one of them has a family tragedy.,7.9,411389,"$25,000,000","$90,135,191","$156,595,191",84.0,1041.0,236.0
63,2003,2004,Best Performance by an Actor in a Supporting Role in any Motion Picture,Tim Robbins,Mystic River,tt0327056,Mystic River,Mystic River,2003,24/10/2003,"Crime, Drama, Mystery",138,"USA, Australia",English,Clint Eastwood,"Brian Helgeland, Dennis Lehane",Warner Bros.,"Sean Penn, Tim Robbins, Kevin Bacon, Laurence Fishburne, Marcia Gay Harden, Laura Linney, Kevin Chapman, Tom Guiry, Emmy Rossum, Spencer Treat Clark, Andrew Mackin, Adam Nelson, Robert Wahlberg, Jenny O'Hara, John Doman",The lives of three men who were childhood friends are shattered when one of them has a family tragedy.,7.9,411389,"$25,000,000","$90,135,191","$156,595,191",84.0,1041.0,236.0
64,2004,2005,Best Performance by an Actor in a Motion Picture - Drama,Leonardo DiCaprio,The Aviator,tt0338751,The Aviator,The Aviator,2004,28/01/2005,"Biography, Drama",170,"Germany, USA",English,Martin Scorsese,John Logan,Forward Pass,"Leonardo DiCaprio, Cate Blanchett, Kate Beckinsale, John C. Reilly, Alec Baldwin, Alan Alda, Ian Holm, Danny Huston, Gwen Stefani, Jude Law, Adam Scott, Matt Ross, Kelli Garner, Frances Conroy, Brent Spiner",A biopic depicting the early years of legendary Director and aviator,7.5,327091,"$110,000,000","$102,610,330","$213,719,942",77.0,841.0,262.0
65,2004,2005,Best Original Score - Motion Picture,Howard Shore,The Aviator,tt0338751,The Aviator,The Aviator,2004,28/01/2005,"Biography, Drama",170,"Germany, USA",English,Martin Scorsese,John Logan,Forward Pass,"Leonardo DiCaprio, Cate Blanchett, Kate Beckinsale, John C. Reilly, Alec Baldwin, Alan Alda, Ian Holm, Danny Huston, Gwen Stefani, Jude Law, Adam Scott, Matt Ross, Kelli Garner, Frances Conroy, Brent Spiner",A biopic depicting the early years of legendary Director and aviator,7.5,327091,"$110,000,000","$102,610,330","$213,719,942",77.0,841.0,262.0
66,2004,2005,Best Performance by an Actor in a Motion Picture - Musical or Comedy,Jamie Foxx,Ray,tt0350258,Ray,Ray,2004,21/01/2005,"Biography, Drama, Music",152,USA,English,Taylor Hackford,"Taylor Hackford, James L. White",Universal Pictures,"Jamie Foxx, Kerry Washington, Regina King, Clifton Powell, Harry Lennix, Bokeem Woodbine, Aunjanue Ellis, Sharon Warren, C.J. Sanders, Curtis Armstrong, Richard Schiff, Larenz Tate, Terrence Howard, David Krumholtz, Wendell Pierce",The story of the life and career of the legendary rhythm and blues musician,7.7,136097,"$40,000,000","$75,331,600","$123,971,376",73.0,461.0,199.0
67,2004,2005,Best Performance by an Actress in a Supporting Role in any Motion Picture,Natalie Portman,Closer,tt0376541,Closer,Closer,2004,10/12/2004,"Drama, Romance",104,"USA, UK",English,Mike Nichols,"Patrick Marber, Patrick Marber",Columbia Pictures,"Natalie Portman, Jude Law, Julia Roberts, Clive Owen, Nick Hobbs, Colin Stinton",The relationships of two couples become complicated and deceitful when the man from one couple meets the woman of the other.,7.2,199832,"$27,000,000","$33,987,757","$115,505,027",65.0,954.0,206.0
68,2004,2005,Best Performance by an Actor in a Supporting Role in any Motion Picture,Clive Owen,Closer,tt0376541,Closer,Closer,2004,10/12/2004,"Drama, Romance",104,"USA, UK",English,Mike Nichols,"Patrick Marber, Patrick Marber",Columbia Pictures,"Natalie Portman, Jude Law, Julia Roberts, Clive Owen, Nick Hobbs, Colin Stinton",The relationships of two couples become complicated and deceitful when the man from one couple meets the woman of the other.,7.2,199832,"$27,000,000","$33,987,757","$115,505,027",65.0,954.0,206.0
69,2005,2006,Best Performance by an Actor In A Television Series - Drama,Hugh Laurie,House,tt0837796,House,House,2008,7/11/2008,Horror,88,USA,English,Robby Henson,"Ted Dekker, Rob Green",More Entertainment,"Michael Madsen, Reynaldo Rosales, Heidi Dippold, Julie Ann Emery, J.P. Davis, Lew Temple, Leslie Easterbrook, Bill Moseley, Pawel Delag, Weronika Rosati, Alanna Bale, Mark Fierer, Florentyna Synowiecka, Andrew Gorzen, Albert Pietrzak","In rural Alabama, two couples find themselves in a fight for survival. Running from a maniac (The Tin Man) bent on killing them, they flee deep into the woods and seek refuge in a house.",4.6,5519,"$2,500,000","$575,048","$1,141,018",24.0,76.0,49.0
70,2006,2007,Best Performance by an Actor In A Television Series - Drama,Hugh Laurie,House,tt0837796,House,House,2008,7/11/2008,Horror,88,USA,English,Robby Henson,"Ted Dekker, Rob Green",More Entertainment,"Michael Madsen, Reynaldo Rosales, Heidi Dippold, Julie Ann Emery, J.P. Davis, Lew Temple, Leslie Easterbrook, Bill Moseley, Pawel Delag, Weronika Rosati, Alanna Bale, Mark Fierer, Florentyna Synowiecka, Andrew Gorzen, Albert Pietrzak","In rural Alabama, two couples find themselves in a fight for survival. Running from a maniac (The Tin Man) bent on killing them, they flee deep into the woods and seek refuge in a house.",4.6,5519,"$2,500,000","$575,048","$1,141,018",24.0,76.0,49.0
71,2006,2007,Best Performance by an Actress in a Supporting Role in any Motion Picture,Jennifer Hudson,Dreamgirls,tt0443489,Dreamgirls,Dreamgirls,2006,26/01/2007,"Drama, Music, Musical",130,USA,English,Bill Condon,"Tom Eyen, Bill Condon",DreamWorks,"Jamie Foxx, Beyoncé, Eddie Murphy, Danny Glover, Jennifer Hudson, Anika Noni Rose, Keith Robinson, Sharon Leal, Hinton Battle, Mariah Iman Wilson, Yvette Cason, Ken Page, Ralph Louis Harris, Michael-Leon Wooley, Loretta Devine","A trio of black female soul singers cross over to the pop charts in the early 1960s, facing their own personal struggles along the way.",6.5,67641,"$70,000,000","$103,365,956","$155,430,335",76.0,529.0,236.0
72,2006,2007,Best Performance by an Actor in a Supporting Role in any Motion Picture,Eddie Murphy,Dreamgirls,tt0443489,Dreamgirls,Dreamgirls,2006,26/01/2007,"Drama, Music, Musical",130,USA,English,Bill Condon,"Tom Eyen, Bill Condon",DreamWorks,"Jamie Foxx, Beyoncé, Eddie Murphy, Danny Glover, Jennifer Hudson, Anika Noni Rose, Keith Robinson, Sharon Leal, Hinton Battle, Mariah Iman Wilson, Yvette Cason, Ken Page, Ralph Louis Harris, Michael-Leon Wooley, Loretta Devine","A trio of black female soul singers cross over to the pop charts in the early 1960s, facing their own personal struggles along the way.",6.5,67641,"$70,000,000","$103,365,956","$155,430,335",76.0,529.0,236.0
73,2006,2007,Best Original Song - Motion Picture,"""The Song of the Heart"", Prince ",Happy Feet,tt0366548,Happy Feet,Happy Feet,2006,1/12/2006,"Animation, Adventure, Comedy",108,"USA, Australia",English,"George Miller, Warren Coleman","George Miller, John Collee",Warner Bros.,"Carlos Alazraqui, Lombardo Boyar, Jeffrey Garcia, Johnny A. Sanchez, Robin Williams, Elijah Wood, Brittany Murphy, Hugh Jackman, Nicole Kidman, Hugo Weaving, Elizabeth Daily, Magda Szubanski, Miriam Margolyes, Fat Joe, Alyssa Shafer","Into the world of the Emperor Penguins, who find their soul mates through song, a penguin is born who cannot sing. But he can tap dance something fierce!",6.4,166806,"$100,000,000","$198,000,317","$384,336,108",77.0,586.0,192.0
74,2007,2008,"Best Performance by an Actor in a Supporting Role in a Series, Limited Series or Motion Picture Made for Television",Jeremy Piven,Entourage,tt1674771,Entourage,Entourage,2015,15/07/2015,Comedy,104,USA,English,Doug Ellin,"Doug Ellin, Doug Ellin",Warner Bros.,"Kevin Connolly, Adrian Grenier, Kevin Dillon, Jerry Ferrara, Jeremy Piven, Emmanuelle Chriqui, Perrey Reeves, Rex Lee, Debi Mazar, Rhys Coiro, Constance Zimmer, Haley Joel Osment, Ronda Rousey, Kid Cudi, Alan Dale","Movie star Vincent Chase, together with his boys Eric, Turtle, and Johnny, are back - and back in business with super agent-turned-studio head Ari Gold on a risky project that will serve as Vince's directorial debut.",6.6,75015,"$30,000,000","$32,363,404","$49,263,404",38.0,192.0,227.0
75,2008,2009,Best Performance by an Actress in a Motion Picture - Drama,Kate Winslet,Revolutionary Road,tt0959337,Revolutionary Road,Revolutionary Road,2008,30/01/2009,"Drama, Romance",119,"USA, UK",English,Sam Mendes,"Justin Haythe, Richard Yates",DreamWorks,"Kate Winslet, Leonardo DiCaprio, Christopher Fitzgerald, Jonathan Roumie, Neal Bledsoe, Marin Ireland, Samantha Soule, Heidi Armbruster, Sam Rosen, Maria Rusolo, Gena Oppenheim, Kathryn Dunn, Joe Komara, Allison Twyford, David Harbour",A young couple living in a Connecticut suburb during the mid-1950s struggle to come to terms with their personal problems while trying to raise their two children.,7.3,192030,"$35,000,000","$22,911,480","$75,981,180",69.0,491.0,323.0
76,2008,2009,Best Performance by an Actor in a Motion Picture - Drama,Mickey Rourke,The Wrestler,tt1125849,The Wrestler,The Wrestler,2008,6/03/2009,"Drama, Sport",109,"USA, France",English,Darren Aronofsky,Robert Siegel,Wild Bunch,"Mickey Rourke, Marisa Tomei, Evan Rachel Wood, Mark Margolis, Todd Barry, Wass Stevens, Judah Friedlander, Ernest Miller, Dylan Keith Summers, Tommy Farra, Mike Miller, Marcia Jean Kurtz, John D'Leo, Ajay Naidu, Gregg Bello","A faded professional wrestler must retire, but finds his quest for a new life outside the ring a dispiriting struggle.",7.9,286256,"$6,000,000","$26,238,243","$44,734,660",80.0,591.0,333.0
77,2008,2009,Best Original Song - Motion Picture,"The Wrestler, Bruce Springsteen",The Wrestler,tt1125849,The Wrestler,The Wrestler,2008,6/03/2009,"Drama, Sport",109,"USA, France",English,Darren Aronofsky,Robert Siegel,Wild Bunch,"Mickey Rourke, Marisa Tomei, Evan Rachel Wood, Mark Margolis, Todd Barry, Wass Stevens, Judah Friedlander, Ernest Miller, Dylan Keith Summers, Tommy Farra, Mike Miller, Marcia Jean Kurtz, John D'Leo, Ajay Naidu, Gregg Bello","A faded professional wrestler must retire, but finds his quest for a new life outside the ring a dispiriting struggle.",7.9,286256,"$6,000,000","$26,238,243","$44,734,660",80.0,591.0,333.0
78,2009,2010,Best Original Score - Motion Picture,Michael Giacchino,Up,tt1049413,Up,Up,2009,15/10/2009,"Animation, Adventure, Comedy",96,USA,English,"Pete Docter, Bob Peterson","Pete Docter, Bob Peterson",Pixar Animation Studios,"Edward Asner, Christopher Plummer, Jordan Nagai, Bob Peterson, Delroy Lindo, Jerome Ranft, John Ratzenberger, David Kaye, Elie Docter, Jeremy Leary, Mickie McGowan, Danny Mann, Donald Fullilove, Jess Harnell, Josh Cooley","78-year-old Carl Fredricksen travels to Paradise Falls in his house equipped with balloons, inadvertently taking a young stowaway.",8.2,911402,"$175,000,000","$293,004,164","$735,099,082",88.0,905.0,420.0
79,2010,2011,Best Original Song - Motion Picture,"""You Haven't Seen The Last of Me"", Diane Warren",Burlesque,tt1126591,Burlesque,Burlesque,2010,18/02/2011,"Drama, Music, Musical",119,USA,English,Steve Antin,Steve Antin,Screen Gems,"Cher, Christina Aguilera, Eric Dane, Cam Gigandet, Julianne Hough, Alan Cumming, Peter Gallagher, Kristen Bell, Stanley Tucci, Dianna Agron, Glynn Turman, David Walton, Terrence Jenkins, Chelsea Traille, Tanee McCall",A small-town girl ventures to Los Angeles and finds her place in a neo-burlesque club run by a former dancer.,6.4,76855,"$55,000,000","$39,440,655","$89,519,773",47.0,256.0,194.0
80,2011,2012,Best Performance by an Actress in a Supporting Role in any Motion Picture,Octavia Spencer,The Help,tt1454029,The Help,The Help,2011,20/01/2012,Drama,146,USA,English,Tate Taylor,"Tate Taylor, Kathryn Stockett",DreamWorks,"Emma Stone, Viola Davis, Bryce Dallas Howard, Octavia Spencer, Jessica Chastain, Ahna O'Reilly, Allison Janney, Anna Camp, Eleanor Henry, Emma Henry, Chris Lowell, Cicely Tyson, Mike Vogel, Sissy Spacek, Brian Kerwin","An aspiring author during the civil rights movement of the 1960s decides to write a book detailing the African American maids' point of view on the white families for which they work, and the hardships they go through on a daily basis.",8.0,419566,"$25,000,000","$169,708,112","$216,639,112",62.0,570.0,394.0
81,2012,2013,Best Performance by an Actor in a Motion Picture - Drama,Daniel Day-Lewis,Lincoln,tt0443272,Lincoln,Lincoln,2012,24/01/2013,"Biography, Drama, History",150,"USA, India",English,Steven Spielberg,"Tony Kushner, Doris Kearns Goodwin",DreamWorks,"Daniel Day-Lewis, Sally Field, David Strathairn, Joseph Gordon-Levitt, James Spader, Hal Holbrook, Tommy Lee Jones, John Hawkes, Jackie Earle Haley, Bruce McGill, Tim Blake Nelson, Joseph Cross, Jared Harris, Lee Pace, Peter McRobbie","As the American Civil War continues to rage, America's president struggles with continuing carnage on the battlefield as he fights with many inside his own cabinet on the decision to emancipate the slaves.",7.3,240462,"$65,000,000","$182,207,973","$275,293,450",86.0,797.0,564.0
82,2012,2013,Best Performance by an Actor in a Motion Picture - Musical or Comedy,Hugh Jackman,Les Misérables,tt1707386,Les Misérables,Les Misérables,2012,31/01/2013,"Drama, History, Musical",158,"UK, USA",English,Tom Hooper,"William Nicholson, Alain Boublil",Universal Pictures,"Hugh Jackman, Russell Crowe, Anne Hathaway, Amanda Seyfried, Sacha Baron Cohen, Helena Bonham Carter, Eddie Redmayne, Aaron Tveit, Samantha Barks, Daniel Huttlestone, Cavin Cornwall, Josef Altin, Dave Hawley, Adam Jones, John Barr","In 19th-century France, Jean Valjean, who for decades has been hunted by the ruthless policeman Javert after breaking parole, agrees to care for a factory worker's daughter. The decision changes their lives forever.",7.6,302721,"$61,000,000","$148,809,770","$441,809,770",63.0,976.0,507.0
83,2012,2013,Best Performance by an Actress in a Supporting Role in any Motion Picture,Anne Hathaway,Les Misérables,tt1707386,Les Misérables,Les Misérables,2012,31/01/2013,"Drama, History, Musical",158,"UK, USA",English,Tom Hooper,"William Nicholson, Alain Boublil",Universal Pictures,"Hugh Jackman, Russell Crowe, Anne Hathaway, Amanda Seyfried, Sacha Baron Cohen, Helena Bonham Carter, Eddie Redmayne, Aaron Tveit, Samantha Barks, Daniel Huttlestone, Cavin Cornwall, Josef Altin, Dave Hawley, Adam Jones, John Barr","In 19th-century France, Jean Valjean, who for decades has been hunted by the ruthless policeman Javert after breaking parole, agrees to care for a factory worker's daughter. The decision changes their lives forever.",7.6,302721,"$61,000,000","$148,809,770","$441,809,770",63.0,976.0,507.0
84,2012,2013,"Best Performance by an Actress in a Supporting Role in a Series, Limited Series or Motion Picture Made for Television",Maggie Smith,Downton Abbey,tt6398184,Downton Abbey,Downton Abbey,2019,24/10/2019,"Drama, Romance",122,"UK, USA",English,Michael Engler,"Julian Fellowes, Julian Fellowes",Carnival Film & Television,"Stephen Campbell Moore, Michael Fox, Lesley Nicol, Sophie McShera, Robert James-Collier, Hugh Bonneville, Allen Leech, Michelle Dockery, Phyllis Logan, Laura Carmichael, Elizabeth McGovern, Jim Carter, Geraldine James, Imelda Staunton, Alex Crisp","The continuing story of the Crawley family, wealthy owners of a large estate in the English countryside in the early twentieth century.",7.4,35846,"$13,000,000","$96,854,135","$194,294,327",64.0,441.0,174.0
85,2014,2015,"Best Performance by an Actress in a Supporting Role in a Series, Limited Series or Motion Picture Made for Television",Joanne Froggatt,Downton Abbey,tt6398184,Downton Abbey,Downton Abbey,2019,24/10/2019,"Drama, Romance",122,"UK, USA",English,Michael Engler,"Julian Fellowes, Julian Fellowes",Carnival Film & Television,"Stephen Campbell Moore, Michael Fox, Lesley Nicol, Sophie McShera, Robert James-Collier, Hugh Bonneville, Allen Leech, Michelle Dockery, Phyllis Logan, Laura Carmichael, Elizabeth McGovern, Jim Carter, Geraldine James, Imelda Staunton, Alex Crisp","The continuing story of the Crawley family, wealthy owners of a large estate in the English countryside in the early twentieth century.",7.4,35846,"$13,000,000","$96,854,135","$194,294,327",64.0,441.0,174.0
86,2013,2014,Best Performance by an Actress in a Motion Picture - Drama,Cate Blanchett,Blue Jasmine,tt2334873,Blue Jasmine,Blue Jasmine,2013,5/12/2013,Drama,98,USA,English,Woody Allen,Woody Allen,Gravier Productions,"Cate Blanchett, Joy Carlin, Richard Conti, Glen Caspillo, Alec Baldwin, Charlie Tahan, Annie McNamara, Sally Hawkins, Daniel Jenks, Max Rutherford, Andrew Dice Clay, Tammy Blanchard, Kathy Tong, Ted Neustadt, Andrew Long","A New York socialite, deeply troubled and in denial, arrives in San Francisco to impose upon her sister. She looks a million, but isn't bringing money, peace, or love...",7.3,189028,"$18,000,000","$33,405,481","$99,104,804",78.0,460.0,446.0
87,2014,2015,Best Performance by an Actress in a Motion Picture - Drama,Julianne Moore,Still Alice,tt3316960,Still Alice,Still Alice,2014,16/01/2015,Drama,101,"USA, UK, France",English,"Richard Glatzer, Wash Westmoreland","Richard Glatzer, Wash Westmoreland",Lutzus-Brown,"Julianne Moore, Kate Bosworth, Shane McRae, Hunter Parrish, Alec Baldwin, Seth Gilliam, Kristen Stewart, Stephen Kunken, Erin Darke, Daniel Gerroll, Quincy Tyler Bernstine, Maxine Prescott, Orlagh Cassidy, Rosa Arredondo, Zillah Glory",A linguistics professor and her family find their bonds tested when she is diagnosed with Alzheimer's Disease.,7.5,124366,"$5,000,000","$18,754,371","$44,779,195",72.0,250.0,301.0
88,2014,2015,Best Performance by an Actor in a Supporting Role in any Motion Picture,J.K. Simmons,Whiplash,tt2582802,Whiplash,Whiplash,2014,12/02/2015,"Drama, Music",106,USA,English,Damien Chazelle,Damien Chazelle,Bold Films,"Miles Teller, J.K. Simmons, Paul Reiser, Melissa Benoist, Austin Stowell, Nate Lang, Chris Mulkey, Damon Gupton, Suanne Spoke, Max Kasch, Charlie Ian, Jayson Blair, Kofi Siriboe, Kavita Patil, C.J. Vana",A promising young drummer enrolls at a cut-throat music conservatory where his dreams of greatness are mentored by an instructor who will stop at nothing to realize a student's potential.,8.5,690732,"$3,300,000","$13,092,000","$48,983,260",88.0,1213.0,583.0
89,2014,2015,Best Performance by an Actor in a Limited Series or a Motion Picture Made for Television,Billy Bob Thornton,Fargo,tt0116282,Fargo,Fargo,1996,16/05/1996,"Crime, Drama, Thriller",98,"USA, UK",English,"Joel Coen, Ethan Coen","Ethan Coen, Joel Coen",PolyGram Filmed Entertainment,"William H. Macy, Steve Buscemi, Peter Stormare, Kristin Rudrüd, Harve Presnell, Tony Denman, Gary Houston, Sally Wingert, Kurt Schweickhardt, Larissa Kokernot, Melissa Peterman, Steve Reevis, Warren Keith, Steve Edelman, Sharon Anderson",Jerry Lundegaard's inept crime falls apart due to his and his henchmen's bungling and the persistent police work of the quite pregnant Marge Gunderson.,8.1,600952,"$7,000,000","$24,611,975","$60,611,975",85.0,960.0,227.0
90,2017,2018,Best Performance by an Actor in a Limited Series or a Motion Picture Made for Television,Ewan McGregor,Fargo,tt0116282,Fargo,Fargo,1996,16/05/1996,"Crime, Drama, Thriller",98,"USA, UK",English,"Joel Coen, Ethan Coen","Ethan Coen, Joel Coen",PolyGram Filmed Entertainment,"William H. Macy, Steve Buscemi, Peter Stormare, Kristin Rudrüd, Harve Presnell, Tony Denman, Gary Houston, Sally Wingert, Kurt Schweickhardt, Larissa Kokernot, Melissa Peterman, Steve Reevis, Warren Keith, Steve Edelman, Sharon Anderson",Jerry Lundegaard's inept crime falls apart due to his and his henchmen's bungling and the persistent police work of the quite pregnant Marge Gunderson.,8.1,600952,"$7,000,000","$24,611,975","$60,611,975",85.0,960.0,227.0
91,2015,2016,Best Performance by an Actress in a Motion Picture - Drama,Brie Larson,Room,tt3170832,Room,Room,2015,3/03/2016,"Drama, Thriller",118,"Canada, Ireland, UK, USA",English,Lenny Abrahamson,"Emma Donoghue, Emma Donoghue",Element Pictures,"Brie Larson, Jacob Tremblay, Sean Bridgers, Wendy Crewson, Sandy McMaster, Matt Gordon, Amanda Brugel, Joe Pingue, Joan Allen, Zarrin Darnell-Martin, Cas Anvar, William H. Macy, Jee-Yun Lee, Randal Edwards, Justin Mader","Held captive for 7 years in an enclosed space, a woman and her young son finally gain their freedom, allowing the boy to experience the outside world for the first time.",8.1,357159,"$13,000,000","$14,677,654","$35,401,758",86.0,677.0,479.0
92,2016,2017,Best Performance by an Actor in a Motion Picture - Drama,Casey Affleck,Manchester by the Sea,tt4034228,Manchester by the Sea,Manchester by the Sea,2016,16/02/2017,Drama,137,USA,English,Kenneth Lonergan,Kenneth Lonergan,Amazon Studios,"Casey Affleck, Ben O'Brien, Kyle Chandler, Richard Donelly, Virginia Loring Cooke, Quincy Tyler Bernstine, Missy Yager, Stephen McKinley Henderson, Ben Hanson, Mary Mallen, Lewis D. Wheeler, Anthony Estrella, C.J. Wilson, Susan Pourfar, Robert Sella",A depressed uncle is asked to take care of his teenage nephew after the boy's father dies.,7.8,238464,"$9,000,000","$47,695,371","$78,988,148",96.0,806.0,503.0
93,2016,2017,Best Performance by an Actress in a Motion Picture - Musical or Comedy,Emma Stone,La La Land,tt3783958,La La Land,La La Land,2016,26/01/2017,"Comedy, Drama, Music",128,"USA, Hong Kong",English,Damien Chazelle,Damien Chazelle,Summit Entertainment,"Ryan Gosling, Emma Stone, Amiée Conn, Terry Walters, Thom Shelton, Cinda Adams, Callie Hernandez, Jessica Rothe, Sonoya Mizuno, Rosemarie DeWitt, J.K. Simmons, Claudine Claudio, Jason Fuchs, D.A. Wallach, Trevor Lissauer","While navigating their careers in Los Angeles, a pianist and an actress fall in love while attempting to reconcile their aspirations for the future.",8.0,488112,"$30,000,000","$151,101,803","$446,486,384",94.0,1793.0,695.0
94,2016,2017,Best Performance by an Actor in a Motion Picture - Musical or Comedy,Ryan Gosling,La La Land,tt3783958,La La Land,La La Land,2016,26/01/2017,"Comedy, Drama, Music",128,"USA, Hong Kong",English,Damien Chazelle,Damien Chazelle,Summit Entertainment,"Ryan Gosling, Emma Stone, Amiée Conn, Terry Walters, Thom Shelton, Cinda Adams, Callie Hernandez, Jessica Rothe, Sonoya Mizuno, Rosemarie DeWitt, J.K. Simmons, Claudine Claudio, Jason Fuchs, D.A. Wallach, Trevor Lissauer","While navigating their careers in Los Angeles, a pianist and an actress fall in love while attempting to reconcile their aspirations for the future.",8.0,488112,"$30,000,000","$151,101,803","$446,486,384",94.0,1793.0,695.0
95,2016,2017,Best Director - Motion Picture,Damien Chazelle,La La Land,tt3783958,La La Land,La La Land,2016,26/01/2017,"Comedy, Drama, Music",128,"USA, Hong Kong",English,Damien Chazelle,Damien Chazelle,Summit Entertainment,"Ryan Gosling, Emma Stone, Amiée Conn, Terry Walters, Thom Shelton, Cinda Adams, Callie Hernandez, Jessica Rothe, Sonoya Mizuno, Rosemarie DeWitt, J.K. Simmons, Claudine Claudio, Jason Fuchs, D.A. Wallach, Trevor Lissauer","While navigating their careers in Los Angeles, a pianist and an actress fall in love while attempting to reconcile their aspirations for the future.",8.0,488112,"$30,000,000","$151,101,803","$446,486,384",94.0,1793.0,695.0
96,2016,2017,Best Screenplay - Motion Picture,Damien Chazelle,La La Land,tt3783958,La La Land,La La Land,2016,26/01/2017,"Comedy, Drama, Music",128,"USA, Hong Kong",English,Damien Chazelle,Damien Chazelle,Summit Entertainment,"Ryan Gosling, Emma Stone, Amiée Conn, Terry Walters, Thom Shelton, Cinda Adams, Callie Hernandez, Jessica Rothe, Sonoya Mizuno, Rosemarie DeWitt, J.K. Simmons, Claudine Claudio, Jason Fuchs, D.A. Wallach, Trevor Lissauer","While navigating their careers in Los Angeles, a pianist and an actress fall in love while attempting to reconcile their aspirations for the future.",8.0,488112,"$30,000,000","$151,101,803","$446,486,384",94.0,1793.0,695.0
97,2016,2017,Best Original Score - Motion Picture,Justin Hurwitz,La La Land,tt3783958,La La Land,La La Land,2016,26/01/2017,"Comedy, Drama, Music",128,"USA, Hong Kong",English,Damien Chazelle,Damien Chazelle,Summit Entertainment,"Ryan Gosling, Emma Stone, Amiée Conn, Terry Walters, Thom Shelton, Cinda Adams, Callie Hernandez, Jessica Rothe, Sonoya Mizuno, Rosemarie DeWitt, J.K. Simmons, Claudine Claudio, Jason Fuchs, D.A. Wallach, Trevor Lissauer","While navigating their careers in Los Angeles, a pianist and an actress fall in love while attempting to reconcile their aspirations for the future.",8.0,488112,"$30,000,000","$151,101,803","$446,486,384",94.0,1793.0,695.0
98,2016,2017,Best Original Song - Motion Picture,"""City of Stars"", Justin Hurwitz, Benj Pasek, Justin Paul",La La Land,tt3783958,La La Land,La La Land,2016,26/01/2017,"Comedy, Drama, Music",128,"USA, Hong Kong",English,Damien Chazelle,Damien Chazelle,Summit Entertainment,"Ryan Gosling, Emma Stone, Amiée Conn, Terry Walters, Thom Shelton, Cinda Adams, Callie Hernandez, Jessica Rothe, Sonoya Mizuno, Rosemarie DeWitt, J.K. Simmons, Claudine Claudio, Jason Fuchs, D.A. Wallach, Trevor Lissauer","While navigating their careers in Los Angeles, a pianist and an actress fall in love while attempting to reconcile their aspirations for the future.",8.0,488112,"$30,000,000","$151,101,803","$446,486,384",94.0,1793.0,695.0
99,2017,2018,Best Original Song - Motion Picture,"""This Is Me"", Justin Paul, Benj Pasek",The Greatest Showman,tt1485796,The Greatest Showman,The Greatest Showman,2017,25/12/2017,"Biography, Drama, Musical",105,USA,English,Michael Gracey,"Jenny Bicks, Bill Condon",Bona Film Group,"Hugh Jackman, Michelle Williams, Zac Efron, Zendaya, Rebecca Ferguson, Austyn Johnson, Cameron Seely, Keala Settle, Sam Humphrey, Yahya Abdul-Mateen II, Eric Anderson, Ellis Rubin, Skylar Dunn, Daniel Everidge, Radu Spinghel",Celebrates the birth of show business and tells of a visionary who rose from nothing to create a spectacle that became a worldwide sensation.,7.6,226510,"$84,000,000","$174,340,174","$435,086,403",48.0,1819.0,331.0
100,2019,2020,Best Performance by an Actor in a Motion Picture - Drama,Joaquin Phoenix,Joker,tt7286456,Joker,Joker,2019,3/10/2019,"Crime, Drama, Thriller",122,"USA, Canada",English,Todd Phillips,"Todd Phillips, Scott Silver",Warner Bros.,"Joaquin Phoenix, Robert De Niro, Zazie Beetz, Frances Conroy, Brett Cullen, Shea Whigham, Bill Camp, Glenn Fleshler, Leigh Gill, Josh Pais, Rocco Luna, Marc Maron, Sondra James, Murphy Guyer, Douglas Hodge","In Gotham City, mentally troubled comedian Arthur Fleck is disregarded and mistreated by society. He then embarks on a downward spiral of revolution and bloody crime. This path brings him face-to-face with his alter-ego: the Joker.",8.5,855097,"$55,000,000","$335,451,311","$1,074,251,311",59.0,10472.0,698.0
101,2019,2020,Best Original Score - Motion Picture,Hildur Guðnadóttir,Joker,tt7286456,Joker,Joker,2019,3/10/2019,"Crime, Drama, Thriller",122,"USA, Canada",English,Todd Phillips,"Todd Phillips, Scott Silver",Warner Bros.,"Joaquin Phoenix, Robert De Niro, Zazie Beetz, Frances Conroy, Brett Cullen, Shea Whigham, Bill Camp, Glenn Fleshler, Leigh Gill, Josh Pais, Rocco Luna, Marc Maron, Sondra James, Murphy Guyer, Douglas Hodge","In Gotham City, mentally troubled comedian Arthur Fleck is disregarded and mistreated by society. He then embarks on a downward spiral of revolution and bloody crime. This path brings him face-to-face with his alter-ego: the Joker.",8.5,855097,"$55,000,000","$335,451,311","$1,074,251,311",59.0,10472.0,698.0
102,2019,2020,Best Performance by an Actor in a Motion Picture - Musical or Comedy,Taron Egerton,Rocketman,tt2066051,Rocketman,Rocketman,2019,29/05/2019,"Biography, Drama, Music",121,"UK, USA, Canada",English,Dexter Fletcher,Lee Hall,Paramount Pictures,"Taron Egerton, Jamie Bell, Richard Madden, Bryce Dallas Howard, Gemma Jones, Steven Mackintosh, Tom Bennett, Matthew Illesley, Kit Connor, Charlie Rowe, Peter O'Hanlon, Ross Farrelly, Evan Walsh, Tate Donovan, Sharmina Harrower",A musical fantasy about the fantastical human story of,7.3,124399,"$40,000,000","$96,368,160","$195,179,299",69.0,958.0,346.0
103,2019,2020,Best Original Song - Motion Picture,"I'm Gonna Love Me Again, Elton John, Bernie Taupin",Rocketman,tt2066051,Rocketman,Rocketman,2019,29/05/2019,"Biography, Drama, Music",121,"UK, USA, Canada",English,Dexter Fletcher,Lee Hall,Paramount Pictures,"Taron Egerton, Jamie Bell, Richard Madden, Bryce Dallas Howard, Gemma Jones, Steven Mackintosh, Tom Bennett, Matthew Illesley, Kit Connor, Charlie Rowe, Peter O'Hanlon, Ross Farrelly, Evan Walsh, Tate Donovan, Sharmina Harrower",A musical fantasy about the fantastical human story of,7.3,124399,"$40,000,000","$96,368,160","$195,179,299",69.0,958.0,346.0
